,epochs,Decay,Modes,Error,Loss
0,0.0,0.02963834138523603,1.0,1.3990070651614765,-0.12533513990516185
1,1.0,0.0296256639907086,1.0,1.3927218863022561,-0.12154828684859442
2,2.0,0.02866563294441617,1.0,1.385986044132957,-0.11799840355465692
3,3.0,0.028905140915046177,1.0,1.3793835284560743,-0.11455364906896837
4,4.0,0.029225901310093377,1.0,1.3730975368311604,-0.11131629659123309
5,5.0,0.029367331202111838,1.0,1.3670745498980656,-0.10814452362440083
6,6.0,0.029463590290540267,1.0,1.3612272074565868,-0.10502942325767156
7,7.0,0.029565988950356527,1.0,1.3555009205055817,-0.10198962478319061
8,8.0,0.02972308109664879,1.0,1.3498783959914231,-0.09902827033182283
9,9.0,0.029910502385865394,1.0,1.3443361987400255,-0.09614305372655461
10,10.0,0.030029319792304963,1.0,1.3388808993619912,-0.09332723337213478
11,11.0,0.03003867161623985,1.0,1.333544276279938,-0.09057690084943243
12,12.0,0.030010062014976222,1.0,1.3283559177295199,-0.08789717332541638
13,13.0,0.03003744004980654,1.0,1.3233371765456352,-0.08529592797730114
14,14.0,0.03011489503378524,1.0,1.3184909687336612,-0.08277403300138858
15,15.0,0.030162632817520425,1.0,1.313796621405375,-0.08032450177116761
16,16.0,0.030150247695352735,1.0,1.30922045065047,-0.07794142094613918
17,17.0,0.03012661268007007,1.0,1.3047291802712857,-0.07562543066706334
18,18.0,0.030135678565244753,1.0,1.3003013596827544,-0.07337916788994317
19,19.0,0.030163733352355514,1.0,1.2959331628039577,-0.07120130789244504
20,20.0,0.03016610224486067,1.0,1.2916333854416182,-0.06908745929530283
21,21.0,0.030120694484287957,1.0,1.287416832098263,-0.06703448626072489
22,22.0,0.030046405834680375,1.0,1.2833006866121868,-0.06504236437056357
23,23.0,0.02997489012941743,1.0,1.2793009649133305,-0.0631123104668087
24,24.0,0.029918231673914594,1.0,1.2754277523411266,-0.06124407919091292
25,25.0,0.029866176649426035,1.0,1.2716831225379777,-0.05943540209470714
26,26.0,0.02980640707770044,1.0,1.2680627622252718,-0.05768340824416138
27,27.0,0.029739171419063598,1.0,1.2645590604518055,-0.055985973329309234
28,28.0,0.029672517823321445,1.0,1.261164306061097,-0.054341737006203775
29,29.0,0.029610487652187954,1.0,1.2578724276407844,-0.05274933710104029
30,30.0,0.02954737977613819,1.0,1.2546789318566016,-0.051207013764093715
31,31.0,0.029473276594330286,1.0,1.2515801594200688,-0.04971287027400848
32,32.0,0.0293839168555949,1.0,1.248572442618284,-0.04826537013443545
33,33.0,0.02928356296518634,1.0,1.2456515451312982,-0.046863490523300966
34,34.0,0.029179204145407093,1.0,1.2428127950018009,-0.04550639599065752
35,35.0,0.029073950661673443,1.0,1.2400517298246068,-0.04419303650100202
36,36.0,0.028967134958109056,1.0,1.2373646510434195,-0.04292206188108298
37,37.0,0.028859512850362576,1.0,1.2347487457120714,-0.04169202893031649
38,38.0,0.028754747529099293,1.0,1.2322018180172836,-0.04050157235968623
39,39.0,0.02865423701852851,1.0,1.229721826306936,-0.039349343099285526
40,40.0,0.028553645630692903,1.0,1.2273064150650446,-0.03823389981799789
41,41.0,0.028447655655733144,1.0,1.2249526485304643,-0.03715381114883393
42,42.0,0.02833694214038668,1.0,1.222657196936821,-0.03610786714862618
43,43.0,0.028227576509113735,1.0,1.2204170035793203,-0.03509508856571025
44,44.0,0.02812321983517674,1.0,1.218230055824368,-0.034114494589002564
45,45.0,0.028020621308012365,1.0,1.2160957792235374,-0.033164927077709544
46,46.0,0.027914535918788907,1.0,1.2140148527207886,-0.03224515600472727
47,47.0,0.02780491724178225,1.0,1.2119885524090706,-0.031354110523302635
48,48.0,0.027696727424695214,1.0,1.2100178724146864,-0.03049092282095909
49,49.0,0.0275935646109868,1.0,1.208102710891909,-0.029654750092060186
50,50.0,0.027493900899527215,1.0,1.2062413994702479,-0.02884462940779948
51,51.0,0.027393881088679684,1.0,1.2044307638849567,-0.02805953503865574
52,52.0,0.027292086908545003,1.0,1.2026667145344434,-0.02729853045531535
53,53.0,0.027190646520064622,1.0,1.2009451384870926,-0.026560822105532775
54,54.0,0.027092560123464664,1.0,1.199262729036277,-0.025845680691083693
55,55.0,0.026998898525261703,1.0,1.1976174285055234,-0.025152346032157463
56,56.0,0.026908388203789328,1.0,1.1960083425280832,-0.024480012207321256
57,57.0,0.026819122796837923,1.0,1.1944352275802497,-0.02382788223728181
58,58.0,0.026730629248412085,1.0,1.1928978443210503,-0.02319522423552264
59,59.0,0.026644341643577405,1.0,1.1913954847653707,-0.022581380049748172
60,60.0,0.0265619342075803,1.0,1.1899268286041844,-0.021985726646857478
61,61.0,0.026483391115501645,1.0,1.1884901028350223,-0.021407632898463418
62,62.0,0.026407174859977442,1.0,1.1870834127719267,-0.020846457711077536
63,63.0,0.026332261618556774,1.0,1.185705099737214,-0.02030158781936692
64,64.0,0.026259490795599923,1.0,1.1843540260314518,-0.019772466538972466
65,65.0,0.026190665223354385,1.0,1.1830297285182654,-0.01925857869184072
66,66.0,0.02612664241217543,1.0,1.181732411546906,-0.018759412151531353
67,67.0,0.026066696883526155,1.0,1.180462807538168,-0.018274441519812917
68,68.0,0.026009655541262083,1.0,1.1792219942817885,-0.017803148374679657
69,69.0,0.02595522104210992,1.0,1.1780112519182175,-0.017345049662560216
70,70.0,0.025904057229632477,1.0,1.176831972769945,-0.016899702557885386
71,71.0,0.025856918510461395,1.0,1.1756855788238074,-0.016466686555478185
72,72.0,0.0258139872032724,1.0,1.1745734034466324,-0.016045586662427152
73,73.0,0.0257749813599085,1.0,1.1734965379774096,-0.01563599265507941
74,74.0,0.025739690353109225,1.0,1.1724556842902327,-0.015237508572277802
75,75.0,0.0257083362470619,1.0,1.1714510654351797,-0.014849759189413714
76,76.0,0.025681475053221766,1.0,1.1704824315431348,-0.01447238769871925
77,77.0,0.02565959192286021,1.0,1.1695491680107277,-0.014105048528909822
78,78.0,0.025642795942479812,1.0,1.1686504757692573,-0.013747402515574816
79,79.0,0.025630918965545004,1.0,1.1677855637866477,-0.013399118193810663
80,80.0,0.025623901676876823,1.0,1.1669537892545412,-0.013059876887948352
81,81.0,0.02562201597501998,1.0,1.1661547049464618,-0.012729375765477391
82,82.0,0.025625674903040924,1.0,1.1653880123993328,-0.012407325583553104
83,83.0,0.025635114319140416,1.0,1.1646534549270928,-0.012093446003056885
84,84.0,0.025650376401591155,1.0,1.1639507027694667,-0.011787463787713323
85,85.0,0.02567158469495847,1.0,1.1632792788681314,-0.011489114909778981
86,86.0,0.025699115369462,1.0,1.1626385505531531,-0.01119814651228042
87,87.0,0.02573346223757974,1.0,1.1620277804880461,-0.010914315541072073
88,88.0,0.025775023903374807,1.0,1.1614462050550232,-0.010637385712608811
89,89.0,0.025824087672832167,1.0,1.160893101811964,-0.010367126304207051
90,90.0,0.025880961755512705,1.0,1.160367820564676,-0.010103313269544039
91,91.0,0.025946038342989093,1.0,1.1598697752828762,-0.009845730343912512
92,92.0,0.026019744955096697,1.0,1.1593984133958009,-0.009594168702042813
93,93.0,0.026102515501339144,1.0,1.1589531858561153,-0.009348426057074926
94,94.0,0.026194833612632452,1.0,1.1585335345499337,-0.009108306322464876
95,95.0,0.026297262122479622,1.0,1.1581388991602126,-0.008873619572752948
96,96.0,0.02641041036878539,1.0,1.157768732601075,-0.00864418162888491
97,97.0,0.026534905094240616,1.0,1.157422509639644,-0.008419813453120806
98,98.0,0.026671416422096732,1.0,1.1570997187269336,-0.008200340904630423
99,99.0,0.02682069135453879,1.0,1.1567998383398692,-0.007985594771121641
100,100.0,0.026983541388424712,1.0,1.1565223096589532,-0.007775410602348281
101,101.0,0.027160815814054842,1.0,1.156266521255112,-0.007569628325889457
102,102.0,0.027353415906577517,1.0,1.156031816049495,-0.007368092028178109
103,103.0,0.02756233746146091,1.0,1.155817518425571,-0.00717064998123524
104,104.0,0.027788691523153095,1.0,1.155622966576399,-0.006977154589935139
105,105.0,0.02803369633831076,1.0,1.1554475293825839,-0.006787462085023705
106,106.0,0.028298671305602312,1.0,1.1552905921513834,-0.0066014321590316186
107,107.0,0.028585043295626035,1.0,1.1551515093535536,-0.00641892775106405
108,108.0,0.028894354823653733,1.0,1.155029538556268,-0.006239814951621308
109,109.0,0.02922828080121683,1.0,1.1549237805940362,-0.006063962939758873
110,110.0,0.02958866579060391,1.0,1.154833151458347,-0.005891243944901097
111,111.0,0.029977560728540187,1.0,1.1547564005580573,-0.005721533189419165
112,112.0,0.03039722911304194,1.0,1.1546921720304164,-0.0055547087129081815
113,113.0,0.030850140499825134,1.0,1.1546390884015991,-0.005390651118388964
114,114.0,0.03133899980870428,1.0,1.1545958268966092,-0.005229243434449476
115,115.0,0.03186681588507729,1.0,1.154561161981366,-0.005070371155847127
116,116.0,0.03243695927832059,1.0,1.1545339614890846,-0.004913922270950891
117,117.0,0.03305318430527616,1.0,1.1545131417307237,-0.004759787113018542
118,118.0,0.03371965544695285,1.0,1.1544976018435926,-0.004607858149068507
119,119.0,0.03444102213827437,1.0,1.1544861636754569,-0.004458029914539783
120,120.0,0.03522252852909029,1.0,1.1544775389513855,-0.004310199084181354
121,121.0,0.03607011765062614,1.0,1.154470332865596,-0.004164264490390441
122,122.0,0.036990526620045025,1.0,1.1544630782516405,-0.004020127008852772
123,123.0,0.03799140737779411,1.0,1.1544542833442817,-0.003877689424878897
124,124.0,0.039081497741252934,1.0,1.1544424728862421,-0.0037368563949548407
125,125.0,0.04027084074494859,1.0,1.1544262072795808,-0.0035975344791713882
126,126.0,0.041571047541092795,1.0,1.1544040746326796,-0.0034596321581728804
127,127.0,0.04299561391053099,1.0,1.154374661319659,-0.003323059804252444
128,128.0,0.044560312135375264,1.0,1.154336513946656,-0.0031877296355856664
129,129.0,0.04628369054386279,1.0,1.1542881072990114,-0.003053555688534989
130,130.0,0.04818772529432259,1.0,1.154227829246568,-0.0029204538242405004
131,131.0,0.050298673642281064,1.0,1.1541539868417101,-0.002788341760137734
132,132.0,0.05264818281024986,1.0,1.1540648307024342,-0.0026571390924282623
133,133.0,0.05527474186174584,1.0,1.1539585894886655,-0.002526767284895684
134,134.0,0.05822563170373275,1.0,1.1538335040384609,-0.0023971496455474565
135,135.0,0.06155960679947969,1.0,1.1536878516148488,-0.002268211333639253
136,136.0,0.06535063299325714,1.0,1.1535199540411687,-0.0021398793998566677
137,137.0,0.06969316776047592,1.0,1.1533281682481924,-0.0020120828190360036
138,138.0,0.07470978206772988,1.0,1.153110862815793,-0.0018847524919154276
139,139.0,0.08056246725700443,1.0,1.1528663883124637,-0.0017578212407984616
140,140.0,0.08746990345702771,1.0,1.152593051419487,-0.0016312238314169962
141,141.0,0.09573468100080205,1.0,1.1522891019951456,-0.0015048970149185385
142,142.0,0.10578784595727794,1.0,1.1519527381712116,-0.0013787795591509626
143,143.0,0.11826517023875878,1.0,1.1515821282842982,-0.0012528122576004536
144,144.0,0.13414509848421258,1.0,1.1511754420991318,-0.0011269379342446
145,145.0,0.15501563709978575,1.0,1.1507308799804137,-0.001001101463424537
146,146.0,0.18363670090514897,1.0,1.150246689287545,-0.0008752498008556179
147,147.0,0.22526580699442073,1.0,1.1497211624171837,-0.0007493320087381662
148,148.0,0.29130951677955585,1.0,1.1491526186421481,-0.000623299269033557
149,149.0,0.4120279955213821,1.0,1.1485393788494709,-0.0004971048949533474
150,150.0,0.7029202699478552,1.0,1.1478797452395897,-0.00037070434917187264
151,151.0,2.3794353161530806,1.0,1.1471719955179716,-0.00024405526366875937
152,152.0,1.7256084568117318,1.0,1.146414394202664,-0.00011711745220046262
153,153.0,0.6344511438029788,1.0,1.145605215687329,1.0147083880613362e-05
154,154.0,0.3892178531042201,1.0,1.1447427685244527,0.0001377741495905091
155,155.0,0.2810267121936171,1.0,1.1438254105106418,0.0002657973490498327
156,156.0,0.2201087645296875,1.0,1.1428515493509075,0.00039424808182873583
157,157.0,0.18104575505645779,1.0,1.1418196311591498,0.000523155544220262
158,158.0,0.15387131218704977,1.0,1.1407281249293884,0.0006525467319517428
159,159.0,0.1338783984102322,1.0,1.139575512458227,0.0007824464434197397
160,160.0,0.11855442806751192,1.0,1.1383602895727867,0.0009128772869030452
161,161.0,0.10643593699785171,1.0,1.137080978130637,0.001043859693420972
162,162.0,0.09661277995166326,1.0,1.135736142674725,0.0011754119325953852
163,163.0,0.08848922201575214,1.0,1.1343244037521647,0.0013075501293943847
164,164.0,0.08165897622688079,1.0,1.1328444424229416,0.0014402882833510352
165,165.0,0.07583545157361717,1.0,1.1312949956236313,0.001573638292296877
166,166.0,0.07081070559706476,1.0,1.129674846759888,0.0017076099796120286
167,167.0,0.0664302057332743,1.0,1.127982817659014,0.0018422111227641552
168,168.0,0.06257672436505986,1.0,1.1262177662129678,0.0019774474832811393
169,169.0,0.059159729648531986,1.0,1.1243785901647092,0.0021133228403855137
170,170.0,0.05610820163782379,1.0,1.122464234042936,0.002249839029222824
171,171.0,0.05336565003777134,1.0,1.1204736951711316,0.0023869959820692678
172,172.0,0.05088658503034187,1.0,1.118406026231809,0.002524791770891938
173,173.0,0.04863396917397931,1.0,1.1162603346789333,0.0026632226519315936
174,174.0,0.046577345773702566,1.0,1.1140357813937818,0.0028022831138743475
175,175.0,0.04469144336812616,1.0,1.111731581128649,0.0029419659293215728
176,176.0,0.04295512128891148,1.0,1.1093470056670351,0.0030822622078028284
177,177.0,0.04135056268429378,1.0,1.1068813885692983,0.0032231614499592877
178,178.0,0.03986264928736484,1.0,1.1043341293104079,0.003364651604347499
179,179.0,0.03847847189575856,1.0,1.1017046951345135,0.00350671912743326
180,180.0,0.03718694376754807,1.0,1.0989926204910927,0.0036493490453574752
181,181.0,0.03597849258240784,1.0,1.0961975053147412,0.003792525016324579
182,182.0,0.03484481269337338,1.0,1.093319013785374,0.003936229394152377
183,183.0,0.0337786643097553,1.0,1.0903568745325989,0.004080443293567742
184,184.0,0.03277370972439526,1.0,1.0873108822240989,0.004225146656629027
185,185.0,0.0318243788541055,1.0,1.0841808998690146,0.0043703183196388325
186,186.0,0.03092575804191852,1.0,1.0809668612073429,0.004515936080766845
187,187.0,0.030073497547934213,1.0,1.0776687728775416,0.004661976768570482
188,188.0,0.029263734186348922,1.0,1.0742867161527467,0.0048084163110414515
189,189.0,0.028493026273092397,1.0,1.0708208478149654,0.004955229804803329
190,190.0,0.027758298674092192,1.0,1.0672713996158447,0.005102391584241299
191,191.0,0.027056796203585934,1.0,1.063638676239431,0.005249875290261941
192,192.0,0.02638604390851654,1.0,1.0599230526912984,0.00539765393849847
193,193.0,0.025743813070068903,1.0,1.0561249728540305,0.005545699986971041
194,194.0,0.025128092015540126,1.0,1.0522449506773874,0.005693985403080953
195,195.0,0.02453706095313515,1.0,1.048283573903265,0.00584248172975937
196,196.0,0.023969070152073495,1.0,1.0442415082505274,0.005991160150786017
197,197.0,0.023422620968595088,1.0,1.0401194990986005,0.006139991555206855
198,198.0,0.022896349330683304,1.0,1.0359183688686122,0.006288946600491716
199,199.0,0.022389011320718903,1.0,1.0316390110117872,0.00643799577415699
200,200.0,0.021899470545446675,1.0,1.0272823839738559,0.006587109453841573
201,201.0,0.02142668704543723,1.0,1.0228495088433902,0.006736257965836204
202,202.0,0.02096970752162732,1.0,1.0183414721366977,0.0068854116420146725
203,203.0,0.02052765668495827,1.0,1.0137594317490113,0.007034540875151
204,204.0,0.020099729581657184,1.0,1.0091046218947395,0.007183616172544368
205,205.0,0.019685184776120416,1.0,1.0043783534553652,0.0073326082077647715
206,206.0,0.01928333828894695,1.0,0.999582009128037,0.0074814878703481505
207,207.0,0.018893558202109813,1.0,0.9947170359923164,0.007630226313343091
208,208.0,0.018515259849508064,1.0,0.9897849393647951,0.007778794998673698
209,209.0,0.018147901517216295,1.0,0.9847872804219279,0.007927165740345049
210,210.0,0.017790980588593935,1.0,0.9797256773079434,0.008075310745530867
211,211.0,0.01744403007722853,1.0,0.9746018073849269,0.008223202653552666
212,212.0,0.01710661550271489,1.0,0.9694174081672524,0.008370814572732482
213,213.0,0.01677833207847029,1.0,0.9641742759168477,0.008518120115065631
214,214.0,0.016458802179521986,1.0,0.9588742624379712,0.00866509342866243
215,215.0,0.016147673054013646,1.0,0.9535192711941792,0.008811709227983983
216,216.0,0.015844614752624275,1.0,0.9481112535070316,0.008957942821928204
217,217.0,0.015549318255882226,1.0,0.9426522051032167,0.009103770139778746
218,218.0,0.01526149377238217,1.0,0.9371441632359948,0.009249167755039867
219,219.0,0.01498086918478049,1.0,0.9315892047737269,0.009394112907215438
220,220.0,0.014707188633490477,1.0,0.9259894453714184,0.009538583521536336
221,221.0,0.014440211228764354,1.0,0.9203470389793543,0.009682558226591751
222,222.0,0.014179709877556847,1.0,0.914664176224176,0.009826016369872109
223,223.0,0.013925470215956826,1.0,0.9089430805460736,0.009968938031280308
224,224.0,0.013677289639961482,1.0,0.9031860024517372,0.010111304034663406
225,225.0,0.013434976421209922,1.0,0.8973952137435792,0.010253095957441349
226,226.0,0.013198348893599724,1.0,0.8915730037474939,0.010394296138443986
227,227.0,0.01296723470402464,1.0,0.8857216780703375,0.010534887684029033
228,228.0,0.012741470124608526,1.0,0.87984355843322,0.010674854472491557
229,229.0,0.012520899422747048,1.0,0.8739409813128656,0.010814181156775484
230,230.0,0.012305374284600833,1.0,0.8680162941573876,0.010952853165535008
231,231.0,0.012094753287225925,1.0,0.8620718499018004,0.01109085670261668
232,232.0,0.01188890141284033,1.0,0.8561100017251314,0.01122817874504405
233,233.0,0.01168768959899822,1.0,0.8501330995491053,0.01136480703958751
234,234.0,0.011490994321898849,1.0,0.8441434882412527,0.011500730097977585
235,235.0,0.011298697212299359,1.0,0.8381435062445457,0.011635937190790795
236,236.0,0.011110684703010716,1.0,0.8321354833303528,0.011770418340041364
237,237.0,0.010926847705288933,1.0,0.8261217371176159,0.0119041643105396
238,238.0,0.01074708131034635,1.0,0.8201045689601253,0.012037166600098874
239,239.0,0.0105712845128638,1.0,0.8140862600722886,0.012169417428672707
240,240.0,0.01039935995472253,1.0,0.8080690683902104,0.012300909726486342
241,241.0,0.010231213687867068,1.0,0.8020552261416869,0.012431637121213727
242,242.0,0.010066754955821083,1.0,0.7960469377807049,0.012561593924250391
243,243.0,0.009905895993026213,1.0,0.7900463778499309,0.012690775116138942
244,244.0,0.009748551839961638,1.0,0.7840556883945204,0.012819176331216653
245,245.0,0.009594640172300033,1.0,0.7780769757956737,0.012946793841562134
246,246.0,0.009444081143057257,1.0,0.7721123073233541,0.013073624540308713
247,247.0,0.009296797236539318,1.0,0.7661637080681081,0.013199665924384239
248,248.0,0.00915271313321429,1.0,0.7602331588156909,0.013324916076736368
249,249.0,0.009011755584821642,1.0,0.7543225948092281,0.013449373648098442
250,250.0,0.008873853298834484,1.0,0.7484339046854975,0.01357303783835001
251,251.0,0.008738936831739031,1.0,0.7425689288184094,0.013695908377526574
252,252.0,0.008606938490872507,1.0,0.7367294569696162,0.013817985506529983
253,253.0,0.008477792244346706,1.0,0.7309172259062767,0.013939269957591684
254,254.0,0.008351433638281964,1.0,0.725133917726713,0.014059762934544952
255,255.0,0.008227799720588078,1.0,0.7193811589514235,0.01417946609296282
256,256.0,0.008106828970792505,1.0,0.7136605197320188,0.014298381520214096
257,257.0,0.007988461235396125,1.0,0.7079735125873488,0.014416511715484796
258,258.0,0.007872637668633586,1.0,0.7023215908304167,0.01453385956981021
259,259.0,0.007759300678417556,1.0,0.6967061474224917,0.014650428346159894
260,260.0,0.00764839387678576,1.0,0.6911285146768267,0.014766221659620151
261,261.0,0.007539862034397052,1.0,0.6855899643553203,0.014881243457719318
262,262.0,0.007433651038920747,1.0,0.6800917072930694,0.014995498000934658
263,263.0,0.007329707857044466,1.0,0.6746348922976193,0.015108989843415951
264,264.0,0.007227980499915779,1.0,0.6692206050577204,0.015221723813961136
265,265.0,0.007128417991761603,1.0,0.6638498680098548,0.015333704997277686
266,266.0,0.0070309703412372365,1.0,0.6585236412432671,0.01544493871556282
267,267.0,0.00693558851529772,1.0,0.6532428235265674,0.015555430510433742
268,268.0,0.006842224415524619,1.0,0.6480082525397483,0.015665186125234
269,269.0,0.0067508308566749525,1.0,0.6428207043806701,0.015774211487740213
270,270.0,0.006661361547127687,1.0,0.6376808932592641,0.015882512693293712
271,271.0,0.006573771070977076,1.0,0.6325894721010343,0.015990095988379194
272,272.0,0.0064880148716788206,1.0,0.6275470338911422,0.01609696775466828
273,273.0,0.006404049237235135,1.0,0.6225541130479648,0.016203134493542725
274,274.0,0.006321831286875614,1.0,0.6176111863875624,0.01630860281111108
275,275.0,0.006241318958976344,1.0,0.612718673808713,0.016413379403732976
276,276.0,0.006162470999924347,1.0,0.607876939025878,0.016517471044065132
277,277.0,0.006085246953853806,1.0,0.6030862905065834,0.01662088456763945
278,278.0,0.006009607153241088,1.0,0.5983469826480144,0.01672362685997912
279,279.0,0.005935512710281748,1.0,0.5936592172502873,0.01682570484425764
280,280.0,0.0058629255088367025,1.0,0.5890231452408679,0.0169271254695055
281,281.0,0.005791808196762733,1.0,0.5844388683578604,0.01702789569936837
282,282.0,0.005722124178577981,1.0,0.5799064405035513,0.017128022501416932
283,283.0,0.005653837608498903,1.0,0.5754258688935563,0.017227512837005556
284,284.0,0.005586913383817028,1.0,0.570997115466398,0.017326373651675917
285,285.0,0.005521317138442644,1.0,0.5666200987699052,0.017424611866102325
286,286.0,0.005457015236533103,1.0,0.5622946959697863,0.01752223436757489
287,287.0,0.005393974766179826,1.0,0.5580207444945684,0.017619248002013633
288,288.0,0.005332163533223456,1.0,0.5537980433311347,0.01771565956650508
289,289.0,0.005271550055126824,1.0,0.5496263544401091,0.017811475802352216
290,290.0,0.005212103554771608,1.0,0.5455054045791101,0.017906703388629864
291,291.0,0.005153793954075967,1.0,0.5414348873132844,0.018001348936236186
292,292.0,0.005096591867436486,1.0,0.5374144648612973,0.018095418982428505
293,293.0,0.005040468595034183,1.0,0.5334437697503455,0.01818891998582963
294,294.0,0.0049853961160059405,1.0,0.5295224064779046,0.018281858321890734
295,295.0,0.004931347081434122,1.0,0.5256499532200937,0.018374240278797357
296,296.0,0.004878294807097811,1.0,0.5218259634518745,0.018466072053805058
297,297.0,0.004826213265969396,1.0,0.51804996748104,0.018557359749990218
298,298.0,0.004775077080451135,1.0,0.5143214740859942,0.018648109373400355
299,299.0,0.0047248615143712265,1.0,0.510639972308943,0.01873832683058786
300,300.0,0.004675542464758826,1.0,0.5070049331674923,0.018828017926510832
301,301.0,0.004627096453418474,1.0,0.503415811078317,0.01891718836278498
302,302.0,0.004579500618262145,1.0,0.4998720451279593,0.019005843736270754
303,303.0,0.004532732704383063,1.0,0.49637306047523466,0.019093989537980315
304,304.0,0.004486771054862021,1.0,0.49291826990763155,0.01918163115228804
305,305.0,0.004441594601369389,1.0,0.4895070752988836,0.01926877385642793
306,306.0,0.0043971828545779496,1.0,0.48613886882263246,0.019355422820261065
307,307.0,0.004353515894402114,1.0,0.4828130340768313,0.019441583106297414
308,308.0,0.0043105743600119935,1.0,0.47952894731797807,0.019527259669956658
309,309.0,0.004268339439633664,1.0,0.4762859787644936,0.01961245736005293
310,310.0,0.0042267928601798675,1.0,0.47308349378178716,0.019697180919487498
311,311.0,0.004185916876753795,1.0,0.46992085389516647,0.019781434986133554
312,312.0,0.004145694262055989,1.0,0.46679741775424294,0.019865224093898286
313,313.0,0.004106108295673654,1.0,0.46371254214068947,0.019948552673948204
314,314.0,0.004067142753261249,1.0,0.4606655829567429,0.020031425056084465
315,315.0,0.004028781895616232,1.0,0.4576558960927231,0.020113845470254597
316,316.0,0.003991010457689971,1.0,0.4546828381796727,0.020195818048187313
317,317.0,0.003953813637559642,1.0,0.45174576731866883,0.020277346825137283
318,318.0,0.003917177085389311,1.0,0.4488440438423043,0.02035843574172767
319,319.0,0.0038810868923713935,1.0,0.44597703107870657,0.020439088645878865
320,320.0,0.0038455295796731366,1.0,0.4431440960524072,0.020519309294812632
321,321.0,0.003810492087389467,1.0,0.4403446100801609,0.020599101357120814
322,322.0,0.00377596176354371,1.0,0.4375779492704475,0.020678468414888455
323,323.0,0.003741926353139265,1.0,0.4348434949857824,0.02075741396586138
324,324.0,0.0037083739872964304,1.0,0.43214063433444927,0.020835941425649294
325,325.0,0.003675293172451419,1.0,0.42946876068867895,0.020914054129955777
326,326.0,0.0036426727796598736,1.0,0.42682727414058924,0.020991755336827386
327,327.0,0.003610502034001962,1.0,0.4242155818282435,0.02106904822891388
328,328.0,0.003578770504112496,1.0,0.42163309819238887,0.02114593591573262
329,329.0,0.0035474680918631484,1.0,0.4190792452864752,0.02122242143593037
330,330.0,0.0035165850221681874,1.0,0.4165534531489877,0.021298507759536466
331,331.0,0.0034861118329510385,1.0,0.4140551601080566,0.02137419779020205
332,332.0,0.003456039365274769,1.0,0.41158381293551516,0.021449494367419768
333,333.0,0.003426358753653262,1.0,0.4091388669431422,0.021524400268719285
334,334.0,0.0033970614165442815,1.0,0.4067197861596584,0.021598918211834323
335,335.0,0.0033681390470193654,1.0,0.404326043578242,0.02167305085683745
336,336.0,0.0033395836036263318,1.0,0.40195712134588873,0.021746800808239205
337,337.0,0.003311387301456875,1.0,0.39961251083765414,0.02182017061704815
338,338.0,0.0032835426034112675,1.0,0.3972917126871542,0.021893162782789122
339,339.0,0.0032560422116764496,1.0,0.3949942368456529,0.021965779755477394
340,340.0,0.00322887905941694,1.0,0.3927196026566139,0.02203802393754649
341,341.0,0.0032020463026688553,1.0,0.39046733890471125,0.02210989768572807
342,342.0,0.0031755373124622904,1.0,0.3882369838341002,0.022181403312882444
343,343.0,0.00314934566715078,1.0,0.38602808514713766,0.022252543089778257
344,344.0,0.003123465144969324,1.0,0.3838401999883819,0.022323319246820784
345,345.0,0.003097889716799746,1.0,0.38167289492818424,0.022393733975727876
346,346.0,0.0030726135391527937,1.0,0.3795257459584257,0.022463789431153396
347,347.0,0.003047630947358152,1.0,0.37739833847730564,0.022533487732257655
348,348.0,0.0030229364489758525,1.0,0.375290267231558,0.02260283096422482
349,349.0,0.002998524717422796,1.0,0.37320113623420004,0.02267182117972721
350,350.0,0.0029743905858018627,1.0,0.37113055870141975,0.022740460400336976
351,351.0,0.0029505290409356797,1.0,0.36907815700329655,0.0228087506178856
352,352.0,0.0029269352176047583,1.0,0.3670435625867885,0.022876693795771678
353,353.0,0.0029036043929840266,1.0,0.36502641587167267,0.022944291870217577
354,354.0,0.0028805319812891623,1.0,0.3630263661589937,0.023011546751475775
355,355.0,0.0028577135285971665,1.0,0.36104307155338117,0.023078460324985714
356,356.0,0.00283514470787065,1.0,0.35907619885998754,0.02314503445248244
357,357.0,0.0028128213141462534,1.0,0.3571254234509362,0.023211270973057613
358,358.0,0.0027907392599208175,1.0,0.35519042913982496,0.023277171704174364
359,359.0,0.0027688945707072784,1.0,0.35327090807904,0.02334273844263663
360,360.0,0.002747283380752388,1.0,0.3513665606544117,0.02340797296551461
361,361.0,0.0027259019289315838,1.0,0.34947709536263255,0.023472877031027392
362,362.0,0.0027047465547923974,1.0,0.3476022286817967,0.02353745237938385
363,363.0,0.0026838136947600695,1.0,0.3457416849381173,0.02360170073358327
364,364.0,0.002663099878497562,1.0,0.34389519616529685,0.02366562380017674
365,365.0,0.0026426017254013298,1.0,0.34206250196842,0.02372922326999073
366,366.0,0.0026223159412491794,1.0,0.3402433493999292,0.023792500818814174
367,367.0,0.002602239314973939,1.0,0.3384374928278778,0.023855458108050166
368,368.0,0.002582368715573046,1.0,0.336644693782986,0.023918096785333697
369,369.0,0.00256270108914842,1.0,0.33486472080793994,0.02398041848511652
370,370.0,0.0025432334560626093,1.0,0.3330973493300467,0.024042424829220425
371,371.0,0.00252396290821459,1.0,0.3313423615363622,0.02410411742736026
372,372.0,0.0025048866064274946,1.0,0.32959954622432086,0.02416549787763773
373,373.0,0.0024860017779474233,1.0,0.32786869864103024,0.024226567767007216
374,374.0,0.0024673057140430998,1.0,0.32614962033962663,0.024287328671714698
375,375.0,0.0024487957677091347,1.0,0.3244421190502793,0.02434778215771101
376,376.0,0.002430469351463096,1.0,0.3227460085431232,0.02440792978104037
377,377.0,0.0024123239352334598,1.0,0.3210611084778365,0.02446777308820538
378,378.0,0.0023943570443431088,1.0,0.3193872442536445,0.024527313616509422
379,379.0,0.0023765662575665663,1.0,0.31772424686867606,0.02458655289437746
380,380.0,0.002358949205277093,1.0,0.3160719527849587,0.024645492441656335
381,381.0,0.002341503567669409,1.0,0.3144302037916253,0.024704133769895283
382,382.0,0.0023242270730534855,1.0,0.31279884686247034,0.02476247838260773
383,383.0,0.0023071174962244574,1.0,0.3111777340108469,0.02482052777551524
384,384.0,0.0022901726568968187,1.0,0.30956672215023473,0.02487828343677433
385,385.0,0.002273390418205913,1.0,0.3079656729639787,0.02493574684718712
386,386.0,0.002256768685272206,1.0,0.3063744527760827,0.0249929194803965
387,387.0,0.002240305403818878,1.0,0.3047929324142821,0.02504980280306658
388,388.0,0.0022239985588601635,1.0,0.30322098706993517,0.025106398275049235
389,389.0,0.0022078461734258014,1.0,0.3016584961650657,0.025162707349537187
390,390.0,0.0021918463073532708,1.0,0.3001053432253194,0.025218731473204727
391,391.0,0.0021759970561246473,1.0,0.2985614157501357,0.025274472086336198
392,392.0,0.002160296549747058,1.0,0.29702660508176143,0.025329930622943274
393,393.0,0.002144742951683657,1.0,0.2955008062815927,0.025385108510871487
394,394.0,0.0021293344578302478,1.0,0.2939839180111496,0.025440007171896477
395,395.0,0.0021140692955233095,1.0,0.2924758424083628,0.025494628021810618
396,396.0,0.002098945722601309,1.0,0.29097648496206535,0.025548972470500617
397,397.0,0.002083962026493549,1.0,0.28948575439447666,0.02560304192201631
398,398.0,0.0020691165233502275,1.0,0.28800356254964,0.02565683777463148
399,399.0,0.002054407557207388,1.0,0.2865298242792845,0.025710361420896884
400,400.0,0.0020398334991853936,1.0,0.2850644573274529,0.02576361424768608
401,401.0,0.0020253927467155926,1.0,0.28360738222004667,0.025816597636234423
402,402.0,0.0020110837228021036,1.0,0.28215852215848636,0.025869312962171688
403,403.0,0.0019969048753159372,1.0,0.28071780291458903,0.025921761595548595
404,404.0,0.0019828546763037014,1.0,0.27928515272746773,0.025973944900857714
405,405.0,0.0019689316213402017,1.0,0.27786050220234765,0.026025864237049206
406,406.0,0.001955134228894778,1.0,0.27644378421063537,0.02607752095754138
407,407.0,0.0019414610397281682,1.0,0.2750349337941392,0.026128916410226837
408,408.0,0.0019279106163100166,1.0,0.2736338880742653,0.02618005193747422
409,409.0,0.0019144815422601055,1.0,0.2722405861615708,0.026230928876125992
410,410.0,0.0019011724218134455,1.0,0.2708549690646579,0.0262815485574925
411,411.0,0.0018879818793026732,1.0,0.2694769796033517,0.026331912307342574
412,412.0,0.0018749085586603714,1.0,0.2681065623271317,0.02638202144589105
413,413.0,0.00186195112294715,1.0,0.2667436634348656,0.0264318772877833
414,414.0,0.0018491082538880073,1.0,0.2653882306954475,0.026481481142077105
415,415.0,0.0018363786514354868,1.0,0.26404021337172584,0.026530834312222185
416,416.0,0.0018237610333405236,1.0,0.26269956214736145,0.026579938096037425
417,417.0,0.0018112541347516473,1.0,0.26136622905600165,0.0266287937856862
418,418.0,0.0017988567078162467,1.0,0.2600401674140225,0.026677402667649796
419,419.0,0.0017865675213075537,1.0,0.258721331756006,0.026725766022699413
420,420.0,0.0017743853602597138,1.0,0.2574096777707062,0.026773885125866627
421,421.0,0.0017623090256183342,1.0,0.25610516223879715,0.026821761246412727
422,422.0,0.0017503373339058195,1.0,0.25480774297505165,0.026869395647796973
423,423.0,0.0017384691168950295,1.0,0.25351737877392727,0.02691678958764397
424,424.0,0.0017267032213029913,1.0,0.2522340293561161,0.026963944317710365
425,425.0,0.0017150385084845913,1.0,0.25095765531651,0.02701086108385088
426,426.0,0.001703473854149049,1.0,0.24968821807523311,0.027057541125984096
427,427.0,0.0016920081480791401,1.0,0.2484256798316307,0.02710398567805772
428,428.0,0.0016806402938646522,1.0,0.24717000352025884,0.02715019596801389
429,429.0,0.0016693692086433305,1.0,0.24592115276868026,0.027196173217754308
430,430.0,0.0016581938228547313,1.0,0.24467909185726086,0.02724191864310554
431,431.0,0.001647113079996108,1.0,0.24344378568111022,0.02728743345378445
432,432.0,0.0016361259363964363,1.0,0.2422151997143452,0.027332718853364
433,433.0,0.0016252313609893332,1.0,0.24099329997639884,0.027377776039239334
434,434.0,0.0016144283351003487,1.0,0.23977805299967422,0.027422606202594485
435,435.0,0.0016037158522408243,1.0,0.2385694257986361,0.027467210528369545
436,436.0,0.0015930929179034199,1.0,0.23736738584113834,0.02751159019522855
437,437.0,0.001582558549375041,1.0,0.23617190102181748,0.027555746375528153
438,438.0,0.0015721117755433452,1.0,0.23498293963670497,0.02759968023528697
439,439.0,0.0015617516367228844,1.0,0.23380047035930923,0.027643392934155995
440,440.0,0.0015514771844746121,1.0,0.23262446221871888,0.027686885625389773
441,441.0,0.001541287481443612,1.0,0.23145488457902363,0.027730159455818734
442,442.0,0.0015311816011923686,1.0,0.23029170711958213,0.02777321556582244
443,443.0,0.0015211586280416524,1.0,0.22913489981697172,0.027816055089304105
444,444.0,0.0015112176569224928,1.0,0.22798443292870668,0.02785867915366616
445,445.0,0.001501357793223441,1.0,0.22684027697764547,0.027901088879787005
446,446.0,0.0014915781526501069,1.0,0.22570240273712758,0.027943285381999104
447,447.0,0.001481877861084795,1.0,0.2245707812177274,0.027985269768068245
448,448.0,0.001472256054451634,1.0,0.22344538365537325,0.028027043139174167
449,449.0,0.0014627118785863656,1.0,0.22232618150018307,0.028068606589892502
450,450.0,0.0014532444891084864,1.0,0.22121314640614842,0.028109961208178068
451,451.0,0.0014438530512965455,1.0,0.22010625022169086,0.02815110807534956
452,452.0,0.0014345367399705806,1.0,0.21900546498092768,0.028192048266075638
453,453.0,0.0014252947393720208,1.0,0.21791076289604305,0.028232782848362375
454,454.0,0.0014161262430523148,1.0,0.21682211635073156,0.02827331288354223
455,455.0,0.001407030453759037,1.0,0.21573949789387814,0.028313639426264362
456,456.0,0.0013980065833310614,1.0,0.214662880233512,0.02835376352448645
457,457.0,0.0013890538525891541,1.0,0.21359223623185006,0.028393686219467903
458,458.0,0.001380171491237577,1.0,0.21252753890123793,0.02843340854576459
459,459.0,0.0013713587377579709,1.0,0.2114687614002681,0.028472931531224936
460,460.0,0.001362614839314015,1.0,0.2104158770302012,0.028512256196987586
461,461.0,0.0013539390516566659,1.0,0.20936885923204304,0.028551383557480367
462,462.0,0.0013453306390236498,1.0,0.20832768158416226,0.028590314620420772
463,463.0,0.0013367888740557297,1.0,0.2072923178003273,0.02862905038681792
464,464.0,0.0013283130376982757,1.0,0.20626274172804546,0.02866759185097576
465,465.0,0.0013199024191174493,1.0,0.20523892734699856,0.028705940000497927
466,466.0,0.0013115563156114393,1.0,0.20422084876778987,0.028744095816293766
467,467.0,0.001303274032523393,1.0,0.20320848023126245,0.028782060272585886
468,468.0,0.0012950548831602005,1.0,0.20220179610803696,0.028819834336919026
469,469.0,0.0012868981887075857,1.0,0.20120077089798577,0.028857418970170228
470,470.0,0.0012788032781502502,1.0,0.20020537922998036,0.02889481512656042
471,471.0,0.0012707694881898364,1.0,0.19921559586205476,0.028932023753667244
472,472.0,0.0012627961631685785,1.0,0.1982313956816222,0.028969045792439228
473,473.0,0.0012548826549895122,1.0,0.19725275370563405,0.029005882177211145
474,474.0,0.001247028323040274,1.0,0.19627964508094498,0.029042533835720717
475,475.0,0.0012392325341174693,1.0,0.19531204508491054,0.02907900168912646
476,476.0,0.0012314946623540744,1.0,0.19434992912600269,0.029115286652026756
477,477.0,0.00122381408914199,1.0,0.19339327274440704,0.029151389632480082
478,478.0,0.0012161902030615125,1.0,0.1924420516127086,0.02918731153202646
479,479.0,0.0012086223998104139,1.0,0.1914962415366451,0.02922305324570992
480,480.0,0.0012011100821293016,1.0,0.19055581845584538,0.029258615662102104
481,481.0,0.0011936526597353286,1.0,0.1896207584445603,0.029293999663327002
482,482.0,0.0011862495492485766,1.0,0.18869103771243326,0.029329206125086604
483,483.0,0.001178900174127551,1.0,0.18776663260532597,0.029364235916687697
484,484.0,0.0011716039645964917,1.0,0.18684751960613688,0.029399089901069528
485,485.0,0.001164360357580554,1.0,0.18593367533549654,0.02943376893483256
486,486.0,0.0011571687966379634,1.0,0.1850250765523892,0.029468273868268034
487,487.0,0.0011500287318949014,1.0,0.18412170015487536,0.029502605545388496
488,488.0,0.0011429396199767552,1.0,0.18322352318082819,0.029536764803959205
489,489.0,0.0011359009239459295,1.0,0.18233052280846596,0.0295707524755304
490,490.0,0.001128912113236793,1.0,0.18144267635679592,0.029604569385470306
491,491.0,0.0011219726635888158,1.0,0.1805599612861548,0.029638216352999035
492,492.0,0.0011150820569871208,1.0,0.17968235519871703,0.029671694191223216
493,493.0,0.0011082397815964944,1.0,0.17880983583884608,0.0297050037071713
494,494.0,0.001101445331698095,1.0,0.17794238109336905,0.029738145701829692
495,495.0,0.0010946982076310346,1.0,0.17707996899181722,0.02977112097017947
496,496.0,0.0010879979157276177,1.0,0.176222577706627,0.029803930301233756
497,497.0,0.0010813439682519142,1.0,0.17537018555329015,0.029836574478075816
498,498.0,0.0010747358833418492,1.0,0.17452277099039368,0.02986905427789767
499,499.0,0.0010681731849457388,1.0,0.1736803126195651,0.02990137047203927
500,500.0,0.0010616554027639412,1.0,0.17284278918541215,0.02993352382602832
501,501.0,0.001055182072189559,1.0,0.1720101795754001,0.02996551509962052
502,502.0,0.001048752734249457,1.0,0.17118246281960048,0.029997345046840353
503,503.0,0.001042366935544195,1.0,0.17035961809038866,0.030029014416022362
504,504.0,0.001036024228192396,1.0,0.1695416247021209,0.030060523949852862
505,505.0,0.001029724169770301,1.0,0.16872846211072798,0.030091874385412044
506,506.0,0.001023466323256646,1.0,0.1679201099132226,0.030123066454216557
507,507.0,0.0010172502569746526,1.0,0.16711654784714797,0.030154100882262388
508,508.0,0.0010110755445348167,1.0,0.16631775578995922,0.03018497839006816
509,509.0,0.0010049417647807625,1.0,0.16552371375834046,0.03021569969271874
510,510.0,0.0009988485017322914,1.0,0.16473440190747243,0.03024626549990913
511,511.0,0.0009927953445296332,1.0,0.16394980053023678,0.03027667651598872
512,512.0,0.0009867818873799102,1.0,0.16316989005635926,0.03030693344000576
513,513.0,0.0009808077295017851,1.0,0.1623946510515037,0.030337036965752073
514,514.0,0.0009748724750708097,1.0,0.16162406421630277,0.03036698778180805
515,515.0,0.0009689757331676125,1.0,0.16085811038532558,0.030396786571587807
516,516.0,0.0009631171177236659,1.0,0.16009677052601076,0.030426434013384532
517,517.0,0.0009572962474670202,1.0,0.15934002573755982,0.030455930780416057
518,518.0,0.0009515127458732225,1.0,0.1585878572497583,0.030485277540870555
519,519.0,0.0009457662411099054,1.0,0.1578402464217447,0.030514474957952325
520,520.0,0.0009400563659866485,1.0,0.1570971747407581,0.03054352368992781
521,521.0,0.0009343827579056436,1.0,0.15635862382084212,0.0305724243901716
522,522.0,0.0009287450588065828,1.0,0.1556245754014866,0.03060117770721259
523,523.0,0.0009231429151204995,1.0,0.1548950113462357,0.030629784284780238
524,524.0,0.0009175759777183684,1.0,0.1541699136412711,0.030658244761850764
525,525.0,0.0009120439018601305,1.0,0.15344926439395878,0.030686559772693522
526,526.0,0.0009065463471480813,1.0,0.15273304583136113,0.030714729946917343
527,527.0,0.0009010829774771409,1.0,0.15202124029871036,0.03074275590951685
528,528.0,0.0008956534609849494,1.0,0.1513138302578493,0.03077063828091886
529,529.0,0.0008902574700086328,1.0,0.1506107982856578,0.030798377677028723
530,530.0,0.0008848946810305493,1.0,0.1499121270724489,0.0308259747092766
531,531.0,0.0008795647746392345,1.0,0.14921779942032637,0.03085342998466383
532,532.0,0.0008742674354757104,1.0,0.1485277982415275,0.030880744105809068
533,533.0,0.0008690023521915841,1.0,0.14784210655675575,0.030907917670994555
534,534.0,0.0008637692174035073,1.0,0.1471607074934827,0.030934951274212148
535,535.0,0.0008585677276440122,1.0,0.14648358428422958,0.03096184550520937
536,536.0,0.0008533975833219271,1.0,0.14581072026483796,0.030988600949535376
537,537.0,0.0008482584886734282,1.0,0.14514209887271934,0.03101521818858671
538,538.0,0.000843150151720851,1.0,0.14447770364509255,0.031041697799653097
539,539.0,0.0008380722842287224,1.0,0.14381751821721303,0.03106804035596299
540,540.0,0.0008330246016583599,1.0,0.14316152632058657,0.03109424642672906
541,541.0,0.0008280068231294983,1.0,0.14250971178117042,0.031120316577193555
542,542.0,0.0008230186713726542,1.0,0.1418620585175693,0.031146251368673425
543,543.0,0.0008180598726916121,1.0,0.14121855053922325,0.031172051358605443
544,544.0,0.0008131301569208631,1.0,0.14057917194458724,0.031197717100590997
545,545.0,0.0008082292573821225,1.0,0.1399439069193096,0.031223249144440846
546,546.0,0.0008033569108470197,1.0,0.13931273973440259,0.031248648036219673
547,547.0,0.0007985128574953941,1.0,0.1386856547444098,0.03127391431829038
548,548.0,0.0007936968408760729,1.0,0.13806263638557348,0.031299048529358296
549,549.0,0.0007889086078643652,1.0,0.1374436691739979,0.03132405120451515
550,550.0,0.0007841479086300933,1.0,0.13682873770381218,0.031348922875282875
551,551.0,0.0007794144965903619,1.0,0.13621782664533408,0.03137366406965707
552,552.0,0.0007747081283794823,1.0,0.135610920743236,0.03139827531215052
553,553.0,0.0007700285638048497,1.0,0.13500800481471142,0.03142275712383621
554,554.0,0.0007653755658128631,1.0,0.13440906374764558,0.03144711002239037
555,555.0,0.0007607489004520593,1.0,0.13381408249878984,0.031471334522135096
556,556.0,0.0007561483368356641,1.0,0.13322304609193855,0.03149543113408086
557,557.0,0.000751573647104661,1.0,0.13263593961611078,0.03151940036596878
558,558.0,0.0007470246063942236,1.0,0.13205274822374072,0.03154324272231261
559,559.0,0.0007425009927964569,1.0,0.13147345712887218,0.03156695870444052
560,560.0,0.0007380025873264907,1.0,0.13089805160535825,0.03159054881053663
561,561.0,0.0007335291738859731,1.0,0.13032651698507092,0.031614013535682293
562,562.0,0.0007290805392323014,1.0,0.12975883865611784,0.03163735337189716
563,563.0,0.0007246564729419493,1.0,0.1291950020610674,0.031660568808179884
564,564.0,0.000720256767377763,1.0,0.12863499269518272,0.031683660330548744
565,565.0,0.0007158812176553855,1.0,0.12807879610466413,0.03170662842208187
566,566.0,0.0007115296216116539,1.0,0.12752639788490464,0.031729473562957265
567,567.0,0.0007072017797721093,1.0,0.12697778367875492,0.03175219623049253
568,568.0,0.0007028974953167518,1.0,0.1264329391747978,0.031774796899184374
569,569.0,0.000698616574051889,1.0,0.12589185010563422,0.031797276040747835
570,570.0,0.000694358824376278,1.0,0.12535450224618333,0.031819634124155186
571,571.0,0.0006901240572494236,1.0,0.12482088141199336,0.03184187161567466
572,572.0,0.0006859120861652772,1.0,0.12429097345756482,0.031863988978908825
573,573.0,0.0006817227271171757,1.0,0.12376476427468754,0.03188598667483268
574,574.0,0.0006775557985690495,1.0,0.1232422397907916,0.03190786516183158
575,575.0,0.0006734111214287358,1.0,0.12272338596731261,0.031929624895738765
576,576.0,0.0006692885190151417,1.0,0.12220818879807076,0.0319512663298726
577,577.0,0.0006651878170301199,1.0,0.12169663430766398,0.03197278991507369
578,578.0,0.0006611088435309154,1.0,0.12118870854987773,0.03199419609974155
579,579.0,0.0006570514289023068,1.0,0.12068439760610919,0.03201548532987103
580,580.0,0.0006530154058247638,1.0,0.12018368758380771,0.0320366580490885
581,581.0,0.0006490006092522569,1.0,0.11968656461493152,0.03205771469868776
582,582.0,0.0006450068763802199,1.0,0.11919301485442185,0.03207865571766554
583,583.0,0.0006410340466209861,1.0,0.1187030244786935,0.03209948154275689
584,584.0,0.0006370819615765137,1.0,0.11821657968414177,0.032120192608470106
585,585.0,0.000633150465009703,1.0,0.11773366668566894,0.03214078934712152
586,586.0,0.0006292394028233626,1.0,0.1172542717152293,0.032161272188869904
587,587.0,0.0006253486230269646,1.0,0.11677838102039065,0.032181641561750546
588,588.0,0.0006214779757188004,1.0,0.11630598086291623,0.03220189789170922
589,589.0,0.0006176273130529077,1.0,0.11583705751736555,0.0322220416026356
590,590.0,0.0006137964892207264,1.0,0.11537159726971498,0.032242073116396645
591,591.0,0.000609985360421835,1.0,0.11490958641599842,0.03226199285286944
592,592.0,0.0006061937848399285,1.0,0.11445101126096804,0.032281801229973955
593,593.0,0.0006024216226218548,1.0,0.1139958581167756,0.032301498663705394
594,594.0,0.0005986687358472601,1.0,0.11354411330167691,0.03232108556816622
595,595.0,0.000594934988512027,1.0,0.11309576313875566,0.03234056235559804
596,596.0,0.0005912202464986657,1.0,0.11265079395466947,0.03235992943641295
597,597.0,0.0005875243775553338,1.0,0.11220919207841928,0.03237918721922485
598,598.0,0.0005838472512751001,1.0,0.1117709438401415,0.03239833611088025
599,599.0,0.0005801887390673228,1.0,0.11133603556992193,0.03241737651648885
600,600.0,0.0005765487141412607,1.0,0.11090445359663391,0.03243630883945391
601,601.0,0.0005729270514787944,1.0,0.11047618424680088,0.03245513348150214
602,602.0,0.000569323627815087,1.0,0.11005121384348195,0.03247385084271345
603,603.0,0.0005657383216164785,1.0,0.10962952870518317,0.032492461321550314
604,604.0,0.0005621710130556252,1.0,0.10921111514479247,0.03251096531488685
605,605.0,0.0005586215839945447,1.0,0.10879595946854116,0.03252936321803765
606,606.0,0.0005550899179608368,1.0,0.10838404797499046,0.03254765542478619
607,607.0,0.0005515759001254078,1.0,0.107975366954044,0.032565842327413067
608,608.0,0.0005480794172833891,1.0,0.107569902685987,0.0325839243167239
609,609.0,0.0005446003578348351,1.0,0.10716764144055196,0.03260190178207683
610,610.0,0.0005411386117581818,1.0,0.1067685694760115,0.03261977511140984
611,611.0,0.0005376940705985863,1.0,0.10637267303829809,0.032637544691267784
612,612.0,0.0005342666274405129,1.0,0.10597993836015229,0.032655210906828894
613,613.0,0.0005308561768907238,1.0,0.10559035166029866,0.03267277414193133
614,614.0,0.0005274626150589079,1.0,0.10520389914265003,0.03269023477909913
615,615.0,0.0005240858395376494,1.0,0.1048205669955397,0.03270759319956799
616,616.0,0.0005207257493817361,1.0,0.10444034139098445,0.03272484978331071
617,617.0,0.0005173822450910415,1.0,0.10406320848397504,0.03274200490906238
618,618.0,0.0005140552285897726,1.0,0.10368915441179663,0.032759058954345166
619,619.0,0.0005107446032088583,1.0,0.10331816529337946,0.03277601229549289
620,620.0,0.000507450273665972,1.0,0.10295022722867907,0.03279286530767522
621,621.0,0.0005041721460482636,1.0,0.10258532629808731,0.03280961836492166
622,622.0,0.0005009101277922986,1.0,0.10222344856187325,0.032826271840145096
623,623.0,0.0004976641276681783,1.0,0.10186458005965522,0.03284282610516517
624,624.0,0.0004944340557593829,1.0,0.10150870680990391,0.03285928153073123
625,625.0,0.0004912198234446796,1.0,0.10115581480947608,0.032875638486545095
626,626.0,0.00048802134338292707,1.0,0.10080589003318033,0.03289189734128342
627,627.0,0.0004848385294931799,1.0,0.10045891843337378,0.03290805846261975
628,628.0,0.0004816712969366372,1.0,0.10011488593959088,0.03292412221724636
629,629.0,0.00047851956210252864,1.0,0.09977377845820345,0.0329400889708957
630,630.0,0.00047538324258698507,1.0,0.09943558187211304,0.032955959088361554
631,631.0,0.0004722622571790038,1.0,0.09910028204047525,0.032971732933519925
632,632.0,0.0004691565258417109,1.0,0.09876786479845602,0.03298741086934956
633,633.0,0.00046606596969734005,1.0,0.09843831595702054,0.033002993257952216
634,634.0,0.00046299051100856254,1.0,0.09811162130275354,0.03301848046057258
635,635.0,0.0004599300731626856,1.0,0.0977877665977133,0.03303387283761794
636,636.0,0.0004568845806570296,1.0,0.09746673757931659,0.03304917074867745
637,637.0,0.000453853959080235,1.0,0.0971485199602564,0.033064374552541166
638,638.0,0.0004508381350966392,1.0,0.09683309942845249,0.03307948460721879
639,639.0,0.0004478370364330796,1.0,0.09652046164703361,0.03309450126995803
640,640.0,0.00044485059185701815,1.0,0.09621059225435248,0.03310942489726268
641,641.0,0.00044187873116882697,1.0,0.09590347686403243,0.033124255844910494
642,642.0,0.0004389213851786862,1.0,0.0955991010650465,0.03313899446797052
643,643.0,0.0004359784856957514,1.0,0.09529745042182852,0.03315364112082043
644,644.0,0.0004330499655119846,1.0,0.09499851047441624,0.03316819615716325
645,645.0,0.00043013575838401265,1.0,0.09470226673862565,0.03318265993004401
646,646.0,0.0004272357990226212,1.0,0.09440870470625748,0.03319703279186597
647,647.0,0.00042435002307462103,1.0,0.09411780984533467,0.033211315094406516
648,648.0,0.0004214783671081677,1.0,0.0938295676003715,0.03322550718883287
649,649.0,0.00041862076859839345,1.0,0.09354396339267378,0.03323960942571739
650,650.0,0.00041577716591481004,1.0,0.09326098262066868,0.03325362215505259
651,651.0,0.0004129474983029692,1.0,0.09298061066026649,0.03326754572626586
652,652.0,0.00041013170587123423,1.0,0.09270283286525224,0.03328138048823393
653,653.0,0.0004073297295791019,1.0,0.09242763456770632,0.033295126789296935
654,654.0,0.0004045415112202009,1.0,0.09215500107845596,0.033308784977272195
655,655.0,0.0004017669934076806,1.0,0.09188491768755572,0.0333223553994678
656,656.0,0.00039900611956260475,1.0,0.0916173696647965,0.033335838402695765
657,657.0,0.00039625883389910285,1.0,0.09135234226024308,0.03334923433328492
658,658.0,0.00039352508140940383,1.0,0.09108982070480037,0.03336254353709351
659,659.0,0.0003908048078510393,1.0,0.09082979021080746,0.033375766359521525
660,660.0,0.00038809795973454315,1.0,0.09057223597265877,0.03338890314552265
661,661.0,0.00038540448430687336,1.0,0.09031714316745182,0.03340195423961595
662,662.0,0.0003827243295415645,1.0,0.09006449695566202,0.03341491998589733
663,663.0,0.0003800574441218984,1.0,0.08981428248184373,0.033427800728050544
664,664.0,0.00037740377743079916,1.0,0.08956648487535576,0.033440596809358056
665,665.0,0.0003747632795364449,1.0,0.08932108925111251,0.033453308572711477
666,666.0,0.0003721359011794091,1.0,0.08907808071036023,0.033465936360621805
667,667.0,0.00036952159375884167,1.0,0.08883744434147627,0.03347848051522933
668,668.0,0.0003669203093205883,1.0,0.08859916522079188,0.03349094137831324
669,669.0,0.00036433200054662165,1.0,0.08836322841343797,0.033503319291300904
670,670.0,0.0003617566207375033,1.0,0.08812961897421376,0.0335156145952769
671,671.0,0.0003591941238048545,1.0,0.08789832194847648,0.03352782763099182
672,672.0,0.00035664446425581975,1.0,0.08766932237305117,0.03353995873887057
673,673.0,0.0003541075971819437,1.0,0.08744260527716292,0.033552008259020646
674,674.0,0.000351583478247492,1.0,0.08721815568338788,0.03356397653123991
675,675.0,0.0003490720636774204,1.0,0.08699595860862262,0.03357586389502417
676,676.0,0.00034657331024231017,1.0,0.08677599906507368,0.033587670689574495
677,677.0,0.00034408717525224655,1.0,0.08655826206126419,0.03359939725380421
678,678.0,0.00034161361653898365,1.0,0.0863427326030569,0.033611043926345535
679,679.0,0.0003391525924499386,1.0,0.08612939569469476,0.03362261104555612
680,680.0,0.00033670406183027127,1.0,0.08591823633985739,0.033634098949525085
681,681.0,0.0003342679840188449,1.0,0.0857092395427314,0.033645507976079
682,682.0,0.00033184431883000767,1.0,0.08550239030909672,0.03365683846278734
683,683.0,0.0003294330265465673,1.0,0.08529767364742556,0.033668090746967916
684,684.0,0.0003270340679072483,1.0,0.08509507456999395,0.033679265165691835
685,685.0,0.0003246474040950286,1.0,0.08489457809400729,0.03369036205578828
686,686.0,0.0003222729967277907,1.0,0.08469616924273603,0.03370138175384899
687,687.0,0.0003199108078463457,1.0,0.0844998330466617,0.03371232459623248
688,688.0,0.00031756079990291896,1.0,0.08430555454463465,0.03372319091906798
689,689.0,0.00031522293575153505,1.0,0.08411331878503979,0.03373398105825913
690,690.0,0.00031289717863926925,1.0,0.08392311082697126,0.03374469534948735
691,691.0,0.0003105834921915824,1.0,0.08373491574141544,0.033755334128214985
692,692.0,0.00030828184040366537,1.0,0.08354871861244005,0.03376589772968828
693,693.0,0.0003059921876342871,1.0,0.08336450453839046,0.03377638648893989
694,694.0,0.0003037144985875665,1.0,0.08318225863309145,0.03378680074079125
695,695.0,0.00030144873831101254,1.0,0.08300196602705366,0.03379714081985479
696,696.0,0.0002991948721792299,1.0,0.08282361186868437,0.03380740706053566
697,697.0,0.0002969528658887501,1.0,0.08264718132550126,0.0338175997970334
698,698.0,0.0002947226854455117,1.0,0.08247265958534966,0.03382771936334326
699,699.0,0.0002925042971550488,1.0,0.08230003185762126,0.0338377660932573
700,700.0,0.0002902976676159944,1.0,0.08212928337447373,0.033847740320365284
701,701.0,0.0002881027637064454,1.0,0.08196039939205149,0.03385764237805519
702,702.0,0.0002859195525781515,1.0,0.08179336519170602,0.0338674725995137
703,703.0,0.0002837480016452053,1.0,0.08162816608121516,0.033877231317726214
704,704.0,0.000281588078574816,1.0,0.08146478739600106,0.033886918865476824
705,705.0,0.0002794397512817991,1.0,0.08130321450034582,0.03389653557534792
706,706.0,0.0002773029879112276,1.0,0.0811434327886037,0.0339060817797196
707,707.0,0.00027517775684260165,1.0,0.08098542768641032,0.033915557810768944
708,708.0,0.0002730640266676528,1.0,0.08082918465188722,0.0339249640004688
709,709.0,0.00027096176619109284,1.0,0.08067468917684169,0.03393430068058676
710,710.0,0.00026887094441707156,1.0,0.08052192678796062,0.03394356818268347
711,711.0,0.00026679153054425214,1.0,0.0803708830479981,0.03395276683811104
712,712.0,0.00026472349395457615,1.0,0.08022154355695697,0.033961896978011046
713,713.0,0.00026266680420655253,1.0,0.08007389395326195,0.03397095893331246
714,714.0,0.00026062143102714117,1.0,0.07992791991492514,0.03397995303472925
715,715.0,0.0002585873443034585,1.0,0.07978360716070217,0.03398887961275783
716,716.0,0.0002565645140761396,1.0,0.07964094145124063,0.033997738997674304
717,717.0,0.00025455291052782806,1.0,0.07949990859021756,0.03400653151953147
718,718.0,0.00025255250398107515,1.0,0.07936049442546579,0.03401525750815571
719,719.0,0.0002505632648864674,1.0,0.07922268485009165,0.0340239172931435
720,720.0,0.00024858516381669427,1.0,0.07908646580357935,0.03403251120385797
721,721.0,0.0002466181714588009,1.0,0.07895182327288432,0.03404103956942505
722,722.0,0.00024466225860870366,1.0,0.07881874329351306,0.034049502718729585
723,723.0,0.00024271739616144652,1.0,0.07868721195059217,0.03405790098041113
724,724.0,0.00024078355510575732,1.0,0.07855721537992204,0.0340662346828597
725,725.0,0.00023886070651739992,1.0,0.0784287397690173,0.034074504154211226
726,726.0,0.00023694882155071275,1.0,0.07830177135813347,0.034082709722342876
727,727.0,0.00023504787143484857,1.0,0.07817629644127898,0.034090851714868226
728,728.0,0.0002331578274625007,1.0,0.07805230136721099,0.03409893045913219
729,729.0,0.0002312786609908562,1.0,0.07792977254041675,0.03410694628220589
730,730.0,0.00022941034342588223,1.0,0.07780869642207938,0.03411489951088119
731,731.0,0.00022755284622514115,1.0,0.07768905953102655,0.034122790471665325
732,732.0,0.00022570614088434908,1.0,0.07757084844466303,0.03413061949077506
733,733.0,0.00022387019893635582,1.0,0.07745404979988642,0.034138386894130984
734,734.0,0.00022204499194363134,1.0,0.07733865029398629,0.034146093007351414
735,735.0,0.00022023049149016023,1.0,0.07722463668552473,0.034153738155746315
736,736.0,0.00021842666918127265,1.0,0.07711199579519948,0.034161322664311024
737,737.0,0.00021663349663048862,1.0,0.07700071450668994,0.034168846857719745
738,738.0,0.00021485094546221754,1.0,0.07689077976748417,0.0341763110603191
739,739.0,0.00021307898729964618,1.0,0.076782178589687,0.03418371559612127
740,740.0,0.000211317593763401,1.0,0.07667489805081056,0.0341910607887973
741,741.0,0.00020956673646534967,1.0,0.07656892529454515,0.03419834696167005
742,742.0,0.00020782638700403734,1.0,0.07646424753151161,0.034205574437707095
743,743.0,0.00020609651695587761,1.0,0.07636085203999338,0.03421274353951356
744,744.0,0.00020437709787953412,1.0,0.07625872616665053,0.03421985458932477
745,745.0,0.00020266810130003558,1.0,0.07615785732721347,0.034226907908998676
746,746.0,0.00020096949871257005,1.0,0.07605823300715718,0.0342339038200085
747,747.0,0.00019928126157331335,1.0,0.07595984076235546,0.034240842643434875
748,748.0,0.00019760336129857753,1.0,0.07586266821971625,0.03424772469995815
749,749.0,0.00019593576925667466,1.0,0.07576670307779525,0.034254550309850446
750,750.0,0.0001942784567678932,1.0,0.07567193310739186,0.03426131979296775
751,751.0,0.0001926313950961791,1.0,0.07557834615212312,0.03426803346874175
752,752.0,0.00019099455544953356,1.0,0.07548593012897836,0.03427469165617172
753,753.0,0.0001893679089713083,1.0,0.07539467302885415,0.03428129467381619
754,754.0,0.00018775142674264228,1.0,0.07530456291706839,0.03428784283978467
755,755.0,0.00018614507977336942,1.0,0.0752155879338547,0.03429433647172913
756,756.0,0.00018454883900022155,1.0,0.07512773629483677,0.034300775886835576
757,757.0,0.0001829626752844299,1.0,0.07504099629148243,0.03430716140181542
758,758.0,0.00018138655940852467,1.0,0.07495535629153804,0.03431349333289678
759,759.0,0.00017982046207112019,1.0,0.07487080473944241,0.034319771995815804
760,760.0,0.0001782643538853472,1.0,0.07478733015672134,0.03432599770580787
761,761.0,0.00017671820537729015,1.0,0.07470492114236203,0.03433217077759869
762,762.0,0.00017518198697857138,1.0,0.07462356637316842,0.034338291525395415
763,763.0,0.00017365566902843963,1.0,0.07454325460409501,0.0343443602628777
764,764.0,0.00017213922176939733,1.0,0.07446397466856383,0.0343503773031886
765,765.0,0.0001706326153430382,1.0,0.07438571547876022,0.034356342958925534
766,766.0,0.0001691358197899297,1.0,0.0743084660259093,0.0343622575421312
767,767.0,0.00016764880504546237,1.0,0.07423221538053444,0.03436812136428436
768,768.0,0.00016617154093913735,1.0,0.07415695269269554,0.03437393473629067
769,769.0,0.00016470399719123476,1.0,0.0740826671922097,0.03437969796847341
770,770.0,0.000163246143411305,1.0,0.07400934818885159,0.03438541137056427
771,771.0,0.00016179794909605897,1.0,0.07393698507253665,0.034391075251694
772,772.0,0.00016035938362726453,1.0,0.07386556731348629,0.03439668992038311
773,773.0,0.00015893041627025267,1.0,0.07379508446237278,0.034402255684532534
774,774.0,0.0001575110161730337,1.0,0.07372552615044853,0.034407772851414234
775,775.0,0.00015610115236279698,1.0,0.07365688208965701,0.03441324172766183
776,776.0,0.0001547007937458438,1.0,0.07358914207272559,0.034418662619261235
777,777.0,0.0001533099091065163,1.0,0.0735222959732407,0.0344240358315412
778,778.0,0.00015192846710552593,1.0,0.07345633374570752,0.03442936166916393
779,779.0,0.0001505564362760715,1.0,0.07339124542559158,0.03443464043611567
780,780.0,0.00014919378502963255,1.0,0.07332702112934383,0.034439872435697294
781,781.0,0.00014784048164645465,1.0,0.07326365105440935,0.034445057970514836
782,782.0,0.0001464964942803443,1.0,0.07320112547922018,0.0344501973424702
783,783.0,0.00014516179095641635,1.0,0.07313943476317272,0.03445529085275163
784,784.0,0.00014383633957045706,1.0,0.07307856934658756,0.03446033880182439
785,785.0,0.00014252010788768824,1.0,0.07301851975065615,0.034465341489421375
786,786.0,0.00014121306354032852,1.0,0.0729592765773715,0.034470299214533776
787,787.0,0.00013991517403421543,1.0,0.07290083050944293,0.034475212275401734
788,788.0,0.00013862640673792176,1.0,0.07284317231019789,0.03448008096950495
789,789.0,0.00013734672889200223,1.0,0.07278629282346875,0.03448490559355357
790,790.0,0.0001360761076039547,1.0,0.07273018297346473,0.034489686443478725
791,791.0,0.00013481450984681028,1.0,0.07267483376463137,0.03449442381442345
792,792.0,0.00013356190246416338,1.0,0.07262023628149525,0.03449911800073346
793,793.0,0.00013231825216494737,1.0,0.07256638168849654,0.034503769295947916
794,794.0,0.0001310835255276677,1.0,0.07251326122980807,0.034508377992790426
795,795.0,0.0001298576889965955,1.0,0.07246086622914069,0.034512944383159876
796,796.0,0.00012864070888520383,1.0,0.07240918808953836,0.03451746875812147
797,797.0,0.00012743255137719417,1.0,0.07235821829315912,0.03452195140789768
798,798.0,0.00012623318252230235,1.0,0.07230794840104504,0.03452639262185935
799,799.0,0.00012504256824014893,1.0,0.07225837005288074,0.034530792688516866
800,800.0,0.0001238606743224836,1.0,0.07220947496674031,0.03453515189551124
801,801.0,0.00012268746642960803,1.0,0.07216125493882285,0.03453947052960537
802,802.0,0.00012152291009303214,1.0,0.07211370184317822,0.034543748876675384
803,803.0,0.00012036697071692801,1.0,0.07206680763142131,0.03454798722170195
804,804.0,0.00011921961357938718,1.0,0.07202056433243686,0.03455218584876168
805,805.0,0.0001180808038294658,1.0,0.07197496405207382,0.03455634504101863
806,806.0,0.00011695050649507678,1.0,0.07192999897283042,0.034560465080715905
807,807.0,0.00011582868647482467,1.0,0.07188566135352986,0.03456454624916718
808,808.0,0.00011471530854831455,1.0,0.07184194352898689,0.03456858882674854
809,809.0,0.0001136103373722118,1.0,0.07179883790966513,0.034572593092890076
810,810.0,0.00011251373748212863,1.0,0.07175633698132693,0.034576559326067874
811,811.0,0.00011142547329270926,1.0,0.07171443330467347,0.03458048780379592
812,812.0,0.0001103455091037383,1.0,0.0716731195149787,0.03458437880261809
813,813.0,0.00010927380909582046,1.0,0.07163238832171355,0.0345882325981002
814,814.0,0.00010821033733569578,1.0,0.07159223250816399,0.034592049464822285
815,815.0,0.0001071550577757413,1.0,0.07155264493104178,0.034595829676370794
816,816.0,0.00010610793425568455,1.0,0.07151361852008789,0.03459957350533098
817,817.0,0.0001050689305069281,1.0,0.07147514627766893,0.034603281223279325
818,818.0,0.00010403801014945984,1.0,0.07143722127836825,0.034606953100776064
819,819.0,0.0001030151366977916,1.0,0.07139983666856964,0.03461058940735789
820,820.0,0.0001020002735608869,1.0,0.07136298566603592,0.03461419041153058
821,821.0,0.00010099338404389884,1.0,0.07132666155948161,0.034617756380761915
822,822.0,9.99944313507144e-05,1.0,0.07129085770813924,0.034621287581474536
823,823.0,9.90033785853015e-05,1.0,0.07125556754132242,0.034624784279039006
824,824.0,9.802018875406296e-05,1.0,0.0712207845579822,0.034628246737766925
825,825.0,9.704482476699373e-05,1.0,0.07118650232625887,0.03463167522090416
826,826.0,9.607724944305034e-05,1.0,0.0711527144830306,0.034635069990624164
827,827.0,9.511742550570915e-05,1.0,0.0711194147334562,0.034638431308021425
828,828.0,9.416531559215284e-05,1.0,0.0710865968505142,0.034641759433105074
829,829.0,9.32208822506426e-05,1.0,0.07105425467453899,0.034645054624792414
830,830.0,9.228408794590842e-05,1.0,0.07102238211275215,0.034648317140902794
831,831.0,9.135489505733502e-05,1.0,0.070990973138791,0.03465154723815143
832,832.0,9.043326588696546e-05,1.0,0.07096002179223387,0.034654745172143425
833,833.0,8.95191626558965e-05,1.0,0.07092952217812258,0.034657911197367816
834,834.0,8.861254751189227e-05,1.0,0.0708994684664811,0.034661045567191864
835,835.0,8.771338252639267e-05,1.0,0.07086985489183283,0.034664148533855306
836,836.0,8.68216297023378e-05,1.0,0.07084067575271501,0.03466722034846488
837,837.0,8.593725097198926e-05,1.0,0.07081192541119084,0.034670261260988794
838,838.0,8.506020820396434e-05,1.0,0.07078359829235921,0.034673271520251486
839,839.0,8.419046319986959e-05,1.0,0.07075568888386365,0.03467625137392836
840,840.0,8.332797770314712e-05,1.0,0.07072819173539867,0.03467920106854078
841,841.0,8.24727133963209e-05,1.0,0.07070110145821429,0.03468212084945099
842,842.0,8.16246319080532e-05,1.0,0.07067441272462072,0.0346850109608574
843,843.0,8.078369481100443e-05,1.0,0.0706481202674905,0.03468787164578975
844,844.0,7.994986362950097e-05,1.0,0.07062221887975995,0.0346907031461046
845,845.0,7.912309983800769e-05,1.0,0.07059670341393075,0.03469350570248076
846,846.0,7.830336486480787e-05,1.0,0.07057156878156917,0.034696279554415045
847,847.0,7.749062009748813e-05,1.0,0.07054680995280614,0.034699024940217954
848,848.0,7.668482688163068e-05,1.0,0.07052242195583651,0.03470174209700956
849,849.0,7.58859465251114e-05,1.0,0.07049839987641857,0.0347044312607156
850,850.0,7.509394030180394e-05,1.0,0.07047473885737163,0.03470709266606356
851,851.0,7.430876945309069e-05,1.0,0.07045143409807612,0.03470972654657892
852,852.0,7.353039519018033e-05,1.0,0.07042848085397294,0.03471233313458158
853,853.0,7.275877869903034e-05,1.0,0.07040587443606243,0.03471491266118238
854,854.0,7.199388114027855e-05,1.0,0.07038361021040407,0.03471746535627969
855,855.0,7.123566365377872e-05,1.0,0.07036168359761832,0.03471999144855623
856,856.0,7.048408736094392e-05,1.0,0.07034009007238717,0.03472249116547593
857,857.0,6.97391133678958e-05,1.0,0.0703188251629555,0.03472496473328094
858,858.0,6.900070276782104e-05,1.0,0.07029788445063535,0.03472741237698877
859,859.0,6.826881664173655e-05,1.0,0.07027726356931,0.0347298343203896
860,860.0,6.754341606705275e-05,1.0,0.07025695820493763,0.03473223078604362
861,861.0,6.682446211335715e-05,1.0,0.07023696409505968,0.03473460199527854
862,862.0,6.611191584959261e-05,1.0,0.07021727702830799,0.034736948168187294
863,863.0,6.54057383464469e-05,1.0,0.07019789284391431,0.03473926952362576
864,864.0,6.470589067675223e-05,1.0,0.07017880743122025,0.034741566279210635
865,865.0,6.401233392148391e-05,1.0,0.07016001672919167,0.03474383865131753
866,866.0,6.332502916977403e-05,1.0,0.07014151672593155,0.034746086855079
867,867.0,6.264393752392456e-05,1.0,0.0701233034581961,0.03474831110438293
868,868.0,6.196902010003423e-05,1.0,0.07010537301091352,0.034750511611870816
869,869.0,6.130023803222633e-05,1.0,0.07008772151670391,0.03475268858893636
870,870.0,6.06375524754855e-05,1.0,0.07007034515540056,0.03475484224572406
871,871.0,5.99809246075031e-05,1.0,0.070053240153575,0.034756972791127966
872,872.0,5.933031563172749e-05,1.0,0.07003640278406295,0.03475908043279059
873,873.0,5.868568678042097e-05,1.0,0.07001982936549368,0.0347611653771019
874,874.0,5.804699931792297e-05,1.0,0.0700035162618196,0.03476322782919842
875,875.0,5.741421454132554e-05,1.0,0.06998745988185172,0.034765267992962486
876,876.0,5.678729378414979e-05,1.0,0.06997165667879372,0.03476728607102165
877,877.0,5.616619842202434e-05,1.0,0.06995610314978208,0.0347692822647481
878,878.0,5.555088987058744e-05,1.0,0.06994079583542509,0.034771256774258255
879,879.0,5.4941329589782666e-05,1.0,0.06992573131934914,0.03477320979841259
880,880.0,5.4337479088559804e-05,1.0,0.0699109062277421,0.03477514153481539
881,881.0,5.373929992499327e-05,1.0,0.0698963172289057,0.03477705217981467
882,882.0,5.314675371039807e-05,1.0,0.06988196103280375,0.034778941928502345
883,883.0,5.255980211145736e-05,1.0,0.06986783439062108,0.03478081097471433
884,884.0,5.1978406851758354e-05,1.0,0.06985393409431576,0.034782659511030906
885,885.0,5.140252971592869e-05,1.0,0.06984025697618665,0.0347844877287771
886,886.0,5.0832132552382574e-05,1.0,0.06982679990842776,0.03478629581802319
887,887.0,5.026717727388008e-05,1.0,0.06981355980270583,0.03478808396758539
888,888.0,4.9707625861683487e-05,1.0,0.06980053360971616,0.03478985236502658
889,889.0,4.9153440367925e-05,1.0,0.0697877183187719,0.03479160119665716
890,890.0,4.860458291738319e-05,1.0,0.06977511095735806,0.03479333064753602
891,891.0,4.8061015709864446e-05,1.0,0.0697627085907382,0.03479504090147164
892,892.0,4.7522701023787525e-05,1.0,0.0697505083214999,0.034796732141023246
893,893.0,4.698960121837884e-05,1.0,0.06973850728918582,0.034798404547502104
894,894.0,4.646167873308312e-05,1.0,0.06972670266982305,0.034800058300972936
895,895.0,4.5938896095753806e-05,1.0,0.06971509167558955,0.034801693580255436
896,896.0,4.54212159186875e-05,1.0,0.06970367155431209,0.03480331056292579
897,897.0,4.490860090523238e-05,1.0,0.06969243958918837,0.03480490942531852
898,898.0,4.4401013851418375e-05,1.0,0.06968139309822685,0.03480649034252815
899,899.0,4.389841764480353e-05,1.0,0.06967052943406056,0.0348080534884112
900,900.0,4.340077527269606e-05,1.0,0.06965984598328001,0.03480959903558821
901,901.0,4.2908049818820804e-05,1.0,0.06964934016640516,0.034811127155445744
902,902.0,4.2420204468364796e-05,1.0,0.06963900943702375,0.03481263801813871
903,903.0,4.1937202509640264e-05,1.0,0.06962885128203553,0.034814131792592594
904,904.0,4.145900733575422e-05,1.0,0.06961886322044356,0.03481560864650585
905,905.0,4.098558244787883e-05,1.0,0.06960904280408028,0.0348170687463524
906,906.0,4.051689145454229e-05,1.0,0.0695993876157644,0.034818512257384235
907,907.0,4.005289807790116e-05,1.0,0.06958989527089904,0.03481993934363405
908,908.0,3.959356615204745e-05,1.0,0.06958056341446404,0.034821350167918
909,909.0,3.913885962630422e-05,1.0,0.06957138972421115,0.03482274489183858
910,910.0,3.8688742568726296e-05,1.0,0.06956237190549643,0.034824123675787536
911,911.0,3.824317916442669e-05,1.0,0.06955350769744136,0.034825486678948886
912,912.0,3.780213372088293e-05,1.0,0.06954479486371874,0.034826834059302064
913,913.0,3.73655706690652e-05,1.0,0.06953623120428853,0.03482816597362504
914,914.0,3.693345456357442e-05,1.0,0.06952781453851632,0.03482948257749765
915,915.0,3.650575008597433e-05,1.0,0.06951954272752453,0.034830784025304935
916,916.0,3.608242204653536e-05,1.0,0.06951141364260985,0.034832070470240575
917,917.0,3.566343538439108e-05,1.0,0.069503425208048,0.03483334206431039
918,918.0,3.5248755173477203e-05,1.0,0.06949557534101009,0.03483459895833593
919,919.0,3.4838346618317444e-05,1.0,0.06948786203423622,0.034835841301958145
920,920.0,3.443217505877923e-05,1.0,0.06948028324005752,0.03483706924364117
921,921.0,3.403020597383867e-05,1.0,0.06947283703169123,0.03483828293067607
922,922.0,3.363240497857939e-05,1.0,0.06946552137639785,0.034839482509184734
923,923.0,3.323873782836758e-05,1.0,0.06945833445358723,0.034840668124123904
924,924.0,3.284917042203631e-05,1.0,0.069451274205591,0.03484183991928912
925,925.0,3.246366879770707e-05,1.0,0.06944433897206737,0.03484299803731885
926,926.0,3.208219914235805e-05,1.0,0.06943752658968753,0.03484414261969868
927,927.0,3.170472778447072e-05,1.0,0.06943083567166923,0.03484527380676547
928,928.0,3.13312212028122e-05,1.0,0.06942426378231562,0.03484639173771175
929,929.0,3.096164602347394e-05,1.0,0.0694178100469351,0.03484749655058996
930,930.0,3.059596902288988e-05,1.0,0.06941147140806586,0.03484858838231696
931,931.0,3.023415712687755e-05,1.0,0.06940524800900752,0.03484966736867847
932,932.0,2.9876177416852267e-05,1.0,0.06939913542898545,0.03485073364433361
933,933.0,2.9521997121910425e-05,1.0,0.06939313591197353,0.03485178734281944
934,934.0,2.9171583628040728e-05,1.0,0.06938724208199876,0.03485282859655573
935,935.0,2.882490446683426e-05,1.0,0.06938146062334839,0.034853857536849435
936,936.0,2.8481927319729516e-05,1.0,0.06937577775043022,0.03485487429389954
937,937.0,2.81426199866295e-05,1.0,0.06937020969445007,0.034855878996801495
938,938.0,2.7806950377023594e-05,1.0,0.069364728685093,0.034856871773551845
939,939.0,2.7474886386064185e-05,1.0,0.06935937175931256,0.03485785275105173
940,940.0,2.7146395771069655e-05,1.0,0.06935408037912248,0.03485882205511012
941,941.0,2.682144563236129e-05,1.0,0.06934893746183934,0.03485977981044275
942,942.0,2.6500001573752186e-05,1.0,0.06934381613897699,0.0348607261406667
943,943.0,2.6182025258606995e-05,1.0,0.06933890161629364,0.034861661168276985
944,944.0,2.5867469521711724e-05,1.0,0.06933391377380613,0.03486258501459377
945,945.0,2.555626590430589e-05,1.0,0.0693292682779225,0.034863497799624485
946,946.0,2.524829725020776e-05,1.0,0.06932433784772483,0.034864399641755424
947,947.0,2.4943331013638146e-05,1.0,0.0693200627626295,0.034865290657008774
948,948.0,2.464086595267017e-05,1.0,0.06931502141638039,0.03486617095734404
949,949.0,2.4339763926293777e-05,1.0,0.0693113605151483,0.03486704064663388
950,950.0,2.4037383155397798e-05,1.0,0.06930582285698174,0.0348678998112939
951,951.0,2.3727496613574687e-05,1.0,0.06930335777144168,0.03486874849807233
952,952.0,2.339532094444226e-05,1.0,0.06929642456141683,0.03486958666161376
953,953.0,2.3005533353920434e-05,1.0,0.06929655005214888,0.03487041403942899
954,954.0,2.247345865318695e-05,1.0,0.0692861028777133,0.034871229853500024
955,955.0,2.1595871146615828e-05,1.0,0.06929220942620566,0.034872032093969496
956,956.0,1.988751271616334e-05,1.0,0.06927325995996843,0.03487281579794718
957,957.0,1.621145726096297e-05,1.0,0.06929379240954019,0.03487356891491578
958,958.0,8.045356486925372e-06,1.0,0.06925481706459316,0.03487426247035758
959,959.0,-9.40396540189101e-06,1.0,0.06931160703677501,0.03487482783755584
960,960.0,-4.128606165684332e-05,1.0,0.06922721942434736,0.034875108419106904
961,961.0,-7.707698922307985e-05,1.0,0.06937575377425957,0.03487478045633602
962,962.0,-5.826920950743754e-05,1.0,0.06918780181395326,0.034873340643721926
963,963.0,6.795032447316334e-05,1.0,0.06949848235377214,0.03487065281520582
964,964.0,0.00017084846701781933,1.0,0.06910634101209823,0.034868620989027724
965,965.0,9.272487695050705e-05,1.0,0.069445756533096,0.034870990403639106
966,966.0,-3.878056882994672e-05,1.0,0.06918662341573803,0.03487694856786457
967,967.0,-3.5669015640944865e-05,1.0,0.06919050363971255,0.034880182678570196
968,968.0,6.246285299845124e-05,1.0,0.06942699051858635,0.03487883003147324
969,969.0,8.566962812075549e-05,1.0,0.06910990516954212,0.03487758596012671
970,970.0,7.436686127828662e-06,1.0,0.06926798682147389,0.03487976458169294
971,971.0,-2.3875347985649107e-05,1.0,0.06931819056409395,0.03488275284615534
972,972.0,3.8987950256422166e-05,1.0,0.06911959060155316,0.03488301225920412
973,973.0,6.175823888061413e-05,1.0,0.06929599346328828,0.03488217942508975
974,974.0,4.5913430445554345e-06,1.0,0.06924671070396468,0.03488353943627803
975,975.0,-5.596660767319503e-06,1.0,0.06912582812312519,0.0348856938487659
976,976.0,4.126726533870787e-05,1.0,0.06928353942384094,0.03488585402132141
977,977.0,3.4363408719728014e-05,1.0,0.06921648387126705,0.03488565877757723
978,978.0,4.2481776332567353e-07,1.0,0.06914450355582752,0.03488709844302005
979,979.0,1.747879754683081e-05,1.0,0.06925424870068282,0.034888297303241354
980,980.0,3.198953259074649e-05,1.0,0.06918239299263926,0.03488831212441293
981,981.0,1.2617128087267766e-05,1.0,0.06916078051030874,0.034888921935486684
982,982.0,1.3789566765626706e-05,1.0,0.06923593080241655,0.034890038033643725
983,983.0,2.440799567835955e-05,1.0,0.06916587483989158,0.03489047824849969
984,984.0,1.3936020247977806e-05,1.0,0.06917781993461043,0.034890959376396254
985,985.0,1.3741197812823685e-05,1.0,0.06921114073188647,0.0348918110051752
986,986.0,2.317060826415093e-05,1.0,0.06914939051119685,0.0348922972615481
987,987.0,1.4439638272647944e-05,1.0,0.0691935647392695,0.03489277672680113
988,988.0,9.963581194202578e-06,1.0,0.06918996232241618,0.034893585223028586
989,989.0,2.1109184035237235e-05,1.0,0.06913926254092541,0.03489408907741498
990,990.0,1.840280626044518e-05,1.0,0.06920050290760987,0.03489443674923673
991,991.0,8.469387356281407e-06,1.0,0.06916738842910293,0.034895173350098396
992,992.0,1.5305470083916163e-05,1.0,0.06914112539211585,0.034895815525121894
993,993.0,2.021531203005209e-05,1.0,0.06920881588489879,0.03489611107255224
994,994.0,1.164249897152107e-05,1.0,0.06915105819422955,0.034896645178023676
995,995.0,1.0934462829127255e-05,1.0,0.0691439321655618,0.034897350631725235
996,996.0,1.7309760027459038e-05,1.0,0.0692010934209067,0.03489775692645922
997,997.0,1.4831766495027572e-05,1.0,0.06913785696864513,0.03489813851677139
998,998.0,1.0904603810992892e-05,1.0,0.06915261679617225,0.03489874260040279
999,999.0,1.3461359665131242e-05,1.0,0.06918793315206832,0.034899260214242576
1000,1000.0,1.4730482126165203e-05,1.0,0.069131931331249,0.03489964077892346
1001,1001.0,1.2545133897738277e-05,1.0,0.06916074017902038,0.034900110578702244
1002,1002.0,1.1959884537221418e-05,1.0,0.06917109765825691,0.03490062467794379
1003,1003.0,1.2867394570875197e-05,1.0,0.06913543914236604,0.03490106251369984
1004,1004.0,1.2881033083920937e-05,1.0,0.0691673961376502,0.03490147992887385
1005,1005.0,1.2152124478736262e-05,1.0,0.06915284109229472,0.03490192902287654
1006,1006.0,1.1666165542600723e-05,1.0,0.06914000905402956,0.034902378598674476
1007,1007.0,1.1939770200211223e-05,1.0,0.06916555684574528,0.034902802739300916
1008,1008.0,1.218494956673645e-05,1.0,0.06913792644834393,0.03490320992355071
1009,1009.0,1.1446792902924328e-05,1.0,0.06914837802521881,0.03490362666234433
1010,1010.0,1.1010106781623596e-05,1.0,0.06916092176987504,0.03490405196386605
1011,1011.0,1.156705184109887e-05,1.0,0.06912941401010199,0.03490445150560709
1012,1012.0,1.1382932933599294e-05,1.0,0.06915435144767297,0.03490483580946093
1013,1013.0,1.0580434925696563e-05,1.0,0.06915292290020178,0.03490523955784133
1014,1014.0,1.0778166260611465e-05,1.0,0.06912772009566773,0.03490563688410362
1015,1015.0,1.1033404640669093e-05,1.0,0.06915720225275018,0.03490600620287699
1016,1016.0,1.0400953825066861e-05,1.0,0.06914408338298483,0.034906382427642844
1017,1017.0,1.0174612487682654e-05,1.0,0.06912835870175615,0.034906767566009404
1018,1018.0,1.0484311733367088e-05,1.0,0.06915361298188581,0.034907130631575155
1019,1019.0,1.0192205711161404e-05,1.0,0.06913760179162776,0.03490748579990924
1020,1020.0,9.77278679517109e-06,1.0,0.06913312875832671,0.03490785178279073
1021,1021.0,9.9204996709811e-06,1.0,0.06914836501864491,0.03490820757261018
1022,1022.0,9.87968286319075e-06,1.0,0.0691340977060223,0.03490854872474719
1023,1023.0,9.467695585653312e-06,1.0,0.06913624398914446,0.03490889503671112
1024,1024.0,9.423414812386146e-06,1.0,0.06914109801550442,0.034909239927226894
1025,1025.0,9.499809567040125e-06,1.0,0.0691336250215995,0.03490957043884824
1026,1026.0,9.194431200526493e-06,1.0,0.06913804241055914,0.034909899407761416
1027,1027.0,-0.002660697532041153,1.0,0.06913428803392853,0.03491023104673305
1028,1028.0,0.0015209070155926246,2.0,0.06528856271377238,0.03491055202792622
1029,1029.0,-0.0005466203608654771,2.0,0.06454603767580012,0.03481778901546249
1030,1030.0,-5.883518460685466e-06,2.0,0.06688583792131174,0.03487078393521615
1031,1031.0,0.0006526773244814625,2.0,0.06987401985431192,0.034851728062881726
1032,1032.0,0.0002432310665173436,2.0,0.07206664849493967,0.03485152301269949
1033,1033.0,0.00010016366382800768,2.0,0.07142811200867377,0.034874277237076666
1034,1034.0,0.00018584901698136404,2.0,0.06940689528078753,0.03488276077645323
1035,1035.0,-0.00011936977882557307,2.0,0.0676839337522073,0.03488625493657097
1036,1036.0,8.125505386038438e-05,2.0,0.06642414496627504,0.034892739115296216
1037,1037.0,0.00015274673324864972,2.0,0.06598238842072109,0.0348885742253264
1038,1038.0,0.0001377572226882571,2.0,0.06655260362449535,0.03489140921348275
1039,1039.0,0.00019469688452853614,2.0,0.06694884976833478,0.034896739169325224
1040,1040.0,0.00017570897090425007,2.0,0.0674956155876715,0.0349015467783355
1041,1041.0,-6.808853368483675e-05,2.0,0.06868124677598952,0.03490834266232719
1042,1042.0,-5.6374475586487644e-05,2.0,0.06931171418174593,0.03491447691021355
1043,1043.0,-1.9788941561345748e-05,2.0,0.06892117464614253,0.03491209971560621
1044,1044.0,-8.70493305415933e-06,2.0,0.0686492381280043,0.0349101316197683
1045,1045.0,0.0001941038219800933,2.0,0.06877688253144329,0.034909440792049155
1046,1046.0,6.957049165095389e-05,2.0,0.06873092053013723,0.03490913690902674
1047,1047.0,5.560042238792201e-05,2.0,0.06896077797744542,0.03491591356361009
1048,1048.0,1.2481785847163868e-05,2.0,0.06946146682919141,0.03491834276538353
1049,1049.0,-7.14673239167109e-05,2.0,0.06962817927583047,0.03492028429396528
1050,1050.0,5.590525756574604e-05,2.0,0.06939373815881235,0.03492072016419578
1051,1051.0,1.5072996481977992e-05,2.0,0.06915201729795747,0.03491822456295337
1052,1052.0,4.0928366554501384e-05,2.0,0.0689102232224112,0.034920176729859496
1053,1053.0,1.921275797273052e-05,2.0,0.06864940758484489,0.034920703085527374
1054,1054.0,1.2331326212092732e-06,2.0,0.06885387431355251,0.03492213236211258
1055,1055.0,8.058096695802134e-06,2.0,0.06919977589465595,0.03492280331903501
1056,1056.0,3.483140079752711e-05,2.0,0.06935857266758035,0.03492284638350956
1057,1057.0,1.799856763400666e-05,2.0,0.06983184534293514,0.034923127796316435
1058,1058.0,1.8933220068874504e-05,2.0,0.07048931856408439,0.03492434423896301
1059,1059.0,8.486719241112765e-06,2.0,0.07074793641356092,0.034924972832791765
1060,1060.0,-9.331965923282297e-06,2.0,0.07087069757449171,0.03492563408124809
1061,1061.0,1.5612451728918085e-05,2.0,0.07096695284526891,0.03492593048655661
1062,1062.0,1.2679814543696366e-05,2.0,0.07068497649959797,0.034925604560484234
1063,1063.0,4.981553256802421e-06,2.0,0.07028964082386373,0.034926149839056106
1064,1064.0,2.2288850924978765e-05,2.0,0.07014560632530996,0.03492659269896648
1065,1065.0,2.339327819293265e-06,2.0,0.07015603955455069,0.03492676668808146
1066,1066.0,1.0645544007608226e-05,2.0,0.07031106540367446,0.03492754517425324
1067,1067.0,1.1739802585591774e-05,2.0,0.07051807302037806,0.0349276268813269
1068,1068.0,-1.78037386244986e-07,2.0,0.07051433623920303,0.034927998706895086
1069,1069.0,1.0323808128846708e-05,2.0,0.07031043826022479,0.03492840875711157
1070,1070.0,1.9137451618381128e-07,2.0,0.07004913128848378,0.03492840253854952
1071,1071.0,6.554531831782692e-06,2.0,0.06979776911595456,0.03492876313453694
1072,1072.0,9.199618558447587e-06,2.0,0.06962834045361663,0.034928769819012724
1073,1073.0,6.597302716933718e-06,2.0,0.06961942076818627,0.03492899876149665
1074,1074.0,7.861547788006981e-06,2.0,0.06970135842910094,0.03492932009643997
1075,1075.0,5.672964614404897e-06,2.0,0.06976771219725554,0.03492955053649848
1076,1076.0,0.00011127940814176943,2.0,0.06987288767905614,0.034929825137908634
1077,1077.0,1.7483469456043594e-05,2.0,0.07007283506518626,0.034930023294132695
1078,1078.0,1.2463522029751925e-06,2.0,0.06935936736073886,0.03493391050273438
1079,1079.0,2.876754643009643e-08,2.0,0.06948720542812961,0.034934521274030836
1080,1080.0,0.0,2.0,0.06924726930091996,0.03493456481477552
1081,1081.0,0.0,2.0,0.06922882826795229,0.03493456581975725
1082,1082.0,0.0,2.0,0.06922882826795229,0.03493456581975725
1083,1083.0,0.0,2.0,0.06922882826795229,0.03493456581975725
